<?xml version="1.0" encoding="UTF-8" ?>

<!DOCTYPE mapper      
    PUBLIC "-//mybatis.org//DTD Mapper 3.0//EN"      
    "http://mybatis.org/dtd/mybatis-3-mapper.dtd">

<mapper namespace="com.uranos.model.MemberDAO">
	<select id="member_list" resultType="com.uranos.model.MemberVO">
		select M_num, M_id, M_pw, M_name, M_nick, M_grade, M_gender, M_birth, M_email, M_tel, M_addr1, M_addr2 from member
		where M_grade = 1
		order by M_num
	</select>
	
	<select id="member_list_page" resultType="com.uranos.model.MemberVO">
		select *
		from (
			select rownum rnum, M_num, M_id, M_pw, M_name, M_nick, M_grade, M_gender, M_birth, M_email, M_tel, M_addr1, M_addr2
			from member
			where not (M_num=1 or M_num=2)
			order by M_num
		)
		where rnum between #{startrow} and #{endrow}
	</select>
	
	<select id="member_count" resultType="java.lang.Integer">
		select count(*) from member
	</select>
	
	<select id="member_info_id" resultType="com.uranos.model.MemberVO">
		select M_num, M_id, M_pw, M_name, M_nick, M_grade, M_gender, M_birth, M_email, M_tel, M_addr1, M_addr2 from member
		where m_id = #{m_id}
	</select>
	
	<select id="member_info_num" resultType="com.uranos.model.MemberVO">
		select M_num, M_id, M_pw, M_name, M_nick, M_grade, M_gender, M_birth, M_email, M_tel, M_addr1, M_addr2 from member
		where m_num = #{m_num}
	</select>
	
	<select id="member_check" resultType="com.uranos.model.MemberVO">
		select M_id from member
		where M_id = #{m_id} and M_pw = #{m_pw} and M_grade = #{m_grade}
	</select>
	
	<select id="member_nick_check" resultType="com.uranos.model.MemberVO">
		select M_nick from member
		where M_nick = #{m_nick}
	</select>
	
	<insert id="member_signup" parameterType="com.uranos.model.MemberVO">
		insert into member 
		values (seq_member.nextval, #{m_id}, #{m_pw}, #{m_name}, #{m_nick}, #{m_grade}, #{m_gender}, #{m_birth}, #{m_email}, #{m_tel}, #{m_addr1}, #{m_addr2})
	</insert>

	<update id="member_adjust" parameterType="com.uranos.model.MemberVO">
		update member
		set m_pw=#{m_pw}, m_name=#{m_name}, m_nick=#{m_nick}, m_tel=#{m_tel}, m_birth=#{m_birth}, m_email=#{m_email}, m_addr1=#{m_addr1}, m_addr2=#{m_addr2}
		where m_num = #{m_num}
	</update>
	
	<delete id="member_signout" parameterType="java.lang.Integer">
		delete from member
		where m_num = #{m_num}
	</delete>
	
</mapper>
