<?xml version="1.0" encoding="UTF-8" ?>
<!DOCTYPE mapper
 	PUBLIC "-//mybatis.org//DTD Mapper 3.0//EN"	
 	"http://mybatis.org/dtd/mybatis-3-mapper.dtd">
<mapper namespace="notice">

	<insert id="notice_insert" parameterType="com.uranos.model.NoticeVO">
		INSERT INTO notice (
		n_num, n_title, n_content, n_day, n_count )
		VALUES (seq_notice.NEXTVAL,
		#{n_title}, #{n_content}, SYSDATE, 0)
	</insert>

	<select id="notice_detail" resultType="com.uranos.model.NoticeVO">
		SELECT
		n_num,n_title,n_content,n_day,n_count FROM notice where n_num =
		#{n_num}
	</select>

	<select id="notice_listCount" resultType="java.lang.Integer">
		SELECT count(*) from
		notice
	</select>

	<select id="notice_searchTitle" resultType="com.uranos.model.NoticeVO">
		select n_num,n_title,
		n_content, n_day, n_count from(select rownum r_num,s.n_num,
		s.n_title,s.n_content,s.n_day,s.n_count from(select
		n_num,n_title,n_content,n_day,n_count
		from notice where n_title like
		'%'||#{n_title}||'%' order by n_num desc)s)
		where r_num between
		#{startrow} and #{endrow}
	</select>

	<select id="notice_searchContent" resultType="com.uranos.model.NoticeVO">
		select
		n_num,n_title, n_content, n_day, n_count from(select rownum
		r_num,s.n_num,
		s.n_title,s.n_content,s.n_day,s.n_count from(select
		n_num,n_title,n_content,n_day,n_count
		from notice where n_content like
		'%'||#{n_content}||'%' order by n_num desc) s )
		where r_num between
		#{startrow} and #{endrow}
	</select>

	<select id="notice_searchTitleContent" resultType="com.uranos.model.NoticeVO">
		select n_num,n_title, n_content, n_day, n_count from(select rownum
		r_num,s.n_num, s.n_title,s.n_content,s.n_day,s.n_count from(select
		n_num,n_title,n_content,n_day,n_count from notice where n_title like
		'%'||#{n_title}||'%' or n_content like '%'||#{n_content}||'%' order by n_num desc) s )
		where r_num between #{startrow} and #{endrow}
	</select>


	<select id="notice_isNum" resultType="java.lang.Integer">
		SELECT * from notice where
		n_num = #{n_num}
	</select>

	<select id="notice_ViewBox" resultType="com.uranos.model.NoticeVO">
		SELECT n_title,n_day from
		notice
	</select>

	<select id="notice_List" resultType="com.uranos.model.NoticeVO">
		SELECT * from(select rownum
		r_num, n_num, n_title, n_content, n_day,n_count from
		(select n_num,
		n_title, n_content, n_day,n_count from notice order by n_num desc))
		where r_num between #{startrow} and #{endrow}
	</select>

	<update id="notice_readCount" parameterType="com.uranos.model.NoticeVO">
		update notice set
		n_count = #{n_count} where n_num = #{n_num}
	</update>

	<update id="notice_modify" parameterType="com.uranos.model.NoticeVO">
		update notice set
		n_title = #{n_title}, n_content = #{n_content} where n_num = #{n_num}
	</update>

	<delete id="notice_delete" parameterType="com.uranos.model.NoticeVO">
		delete from notice
		where n_num = #{n_num}
	</delete>

</mapper>
