<?xml version="1.0" encoding="UTF-8" ?>

<!DOCTYPE mapper      
    PUBLIC "-//mybatis.org//DTD Mapper 3.0//EN"      
    "http://mybatis.org/dtd/mybatis-3-mapper.dtd">

<mapper namespace="com.uranos.model.QnaDAO">

	<insert id="qna_insert" parameterType="com.uranos.model.QnaVO">
		INSERT INTO QNA ( Q_num, Q_title, Q_content, Q_day, Q_orignum, Q_level, Q_count, M_num )
		VALUES (seq_qna.NEXTVAL, #{Q_title}, #{Q_content}, SYSDATE, #{Q_orignum}, #{Q_level}, 0, #{M_num})
	</insert>
	
	<select id="getMaxNum" resultType="java.lang.Integer">
		SELECT max(Q_num) FROM QNA
	</select>
	
	<update id="modify" parameterType="com.uranos.model.QnaVO">
	update QNA set Q_title=#{Q_title}, Q_content=#{Q_content} where Q_num=#{Q_num}
	</update>
	
	<select id="detail" resultType="com.uranos.model.QnaVO">
		SELECT * FROM QNA where Q_num = #{Q_num}
	</select>
	
	<select id="reply" resultType="com.uranos.model.QnaVO">
		SELECT * FROM QNA where Q_num = #{Q_num}
	</select>
	
	<update id="readCount" parameterType="com.uranos.model.QnaVO">
		update QNA set Q_count = #{Q_count} where Q_num = #{Q_num}
	</update>
	
	<delete id="qna_delete" parameterType="com.uranos.model.QnaVO">
		delete from QNA where Q_num = #{Q_num}
	</delete>
	
	<select id="listCount" resultType="java.lang.Integer">
		SELECT count(*) from QNA
	</select>
	
	<select id="qnaList" resultType="com.uranos.model.QnaVO">
		select rownum, Q_num, Q_title, Q_content, Q_day,Q_orignum , Q_level, Q_count,m_num , m_nick 
		from (
		select Q_num, Q_title,Q_content, Q_day, Q_orignum, Q_level, Q_count, m_num 
		from QNA 
		order by Q_orignum desc,Q_num asc
		)
		join member
		using(m_num)
		where rownum between #{startrow} and #{endrow}
	</select>
	
	
	<insert id="qnaReply" parameterType="com.uranos.model.QnaVO">
        insert into QNA(Q_num, Q_title, Q_content, Q_day,Q_orignum , Q_level, Q_count,m_num)
                values(seq_qna.nextval,#{Q_title},#{Q_content},SYSDATE,#{Q_orignum}+1,#{Q_level}+1, 0,0)
    </insert>
    
    



</mapper>