<?xml version="1.0" encoding="UTF-8"?>
<!DOCTYPE mapper      
    PUBLIC "-//mybatis.org//DTD Mapper 3.0//EN"      
    "http://mybatis.org/dtd/mybatis-3-mapper.dtd">
   <mapper namespace="reserve">
   		<insert id="insert" parameterType="java.util.HashMap">
   			insert into reserve (r_num,r_day,r_start,r_name,r_time,m_num)
			values (seq_reserve.nextval, SYSDATE,#{start}, #{name}, #{time}, #{m_num})
   		</insert>
   		
   		<select id="res_count" resultType="java.lang.Integer">
   			select count(*) from reserve
   		</select>
   		
   		<select id="res_userCount" resultType="java.lang.Integer">
   			select count(*) from reserve where m_num=#{m_num}
   		</select>
   		
   		<select id="resList" resultType="com.uranos.model.ResVO">
   			select * from 
   			(select rownum rnum, r_num, r_name, r_start, r_time, r_day, m_num, m_id
   			from reserve join member
   			using(m_num)
   			order by r_start desc) 
			where rnum between #{startrow} and #{endrow}
   		</select>
   		
   		<select id="resUserList" resultType="com.uranos.model.ResVO">
			select * from 
			(select rownum rnum, r_num, r_name, r_start, r_time, r_day from 
			(select r_num, r_name, r_start, r_time, r_day 
			from reserve where m_num = #{m_num}
			order by r_start desc)) 
			where rnum between #{startrow} and #{endrow}
   		</select>
   		
   		<select id="reserve_info" resultType="com.uranos.model.ResVO">
   			select r_num, r_day, r_start, r_name, r_time, m_num from reserve
			where r_num = #{r_num}
   		</select>
   		
   		<select id="getReserveInfoByMnum" resultType="com.uranos.model.ResVO">
   			select r_num, r_day, r_start, r_name, r_time, m_num from reserve
			where m_num = #{m_num}
   		</select>
   		
   		<delete id="delete">
			delete from reserve where r_num = #{r_num}
		</delete>
		
		<update id="res_adminUpdate">
			update reserve set
			r_name = #{r_name}, r_start=#{r_start}, r_time=#{r_time} where r_num = #{r_num}
		</update>
		
		<update id="res_userUpdate">
			update reserve set
			r_start=#{r_start}, r_time=#{r_time} where r_num = #{r_num}
		</update>
   </mapper>