<?xml version="1.0" encoding="UTF-8" ?>

<!DOCTYPE mapper      
    PUBLIC "-//mybatis.org//DTD Mapper 3.0//EN"      
    "http://mybatis.org/dtd/mybatis-3-mapper.dtd">

<mapper namespace="com.uranos.model.ReviewDAO">
	<select id="review_list" resultType="com.uranos.model.ReviewVO">
		select rw_num, rw_title,
		rw_content, rw_day, rw_file, rw_count, m_num from review
		order by
		rw_num desc
	</select>

	<select id="review_count" resultType="java.lang.Integer">
		select count(rw_num) from
		review
	</select>

	<select id="review_searchtitlecount" resultType="java.lang.Integer">
		select
		count(rw_num)
		from (select rw_num, rw_title, rw_content, rw_day,
		rw_file,
		rw_count,
		m_num from
		review where rw_title like
		'%'||#{title}||'%' order by
		rw_num
		desc)
	</select>

	<select id="review_searchcontentcount" resultType="java.lang.Integer">
		select
		count(*)
		from (select rw_num, rw_title, rw_content, rw_day, rw_file,
		rw_count,
		m_num from
		review where rw_title like '%'||#{content}||'%'
		order by
		rw_num
		desc)
	</select>

	<select id="review_searchtitlecontentcount" resultType="java.lang.Integer">
		select
		count(*)
		from select rw_num,
		rw_title, rw_content, rw_day, rw_file,
		rw_count, m_num from
		review
		where rw_content like '%'||#{content}||'%'
		or rw_title like
		'%'||#{title}||'%' order by rw_num desc)
	</select>

	<select id="review_boardlist" resultType="com.uranos.model.ReviewVO">
		select rw_num,
		rw_title, rw_content, rw_day, rw_file, rw_count, m_num, m_nick from (
		select
		rownum r_num, c.rw_num, c.rw_title, c.rw_content, c.rw_day,
		c.rw_file,
		c.rw_count, c.m_num
		from (
		select rw_num, rw_title,
		rw_content, rw_day,
		rw_file, rw_count,
		m_num from review
		order by rw_num
		desc) c)
		join member
		using(m_num)
		where
		r_num between
		#{startrow} and
		#{endrow}
	</select>

	<select id="review_comment" resultType="com.uranos.model.CommentVO">
		select co_num, m_num,
		co_content, co_day, rw_num, m_nick from reply join member using(m_num)
		where
		rw_num = #{num} order by
		co_num asc
	</select>

	<select id="review_detail" resultType="com.uranos.model.ReviewVO">
		select rw_num, rw_title,
		rw_content, rw_day, rw_file, rw_count, m_num, m_nick from (select
		r.rw_num,
		r.rw_title, r.rw_content, r.rw_day, r.rw_file, r.rw_count,
		r.m_num
		from member m, review r where m.m_num
		= r.m_num) join member
		using(m_num) where
		rw_num =
		#{num}
	</select>

	<select id="review_searchTitle" resultType="com.uranos.model.ReviewVO">
		select rw_num,
		rw_title, rw_content, rw_day, rw_file, rw_count, m_num, m_nick
		from (
		select
		rownum r_num, c.rw_num, c.rw_title, c.rw_content,
		c.rw_day,
		c.rw_file,
		c.rw_count, c.m_num
		from (
		select rw_num, rw_title,
		rw_content, rw_day,
		rw_file, rw_count,
		m_num from review where rw_title
		like '%'||#{title}||'%'
		order by rw_num desc) c)
		join member
		using(m_num)
		where
		r_num between
		#{startrow} and
		#{endrow}
	</select>

	<select id="review_searchContent" resultType="com.uranos.model.ReviewVO">
		select rw_num,
		rw_title, rw_content, rw_day, rw_file, rw_count, m_num, m_nick
		from (
		select
		rownum r_num, c.rw_num, c.rw_title, c.rw_content,
		c.rw_day,
		c.rw_file,
		c.rw_count, c.m_num
		from (
		select rw_num, rw_title,
		rw_content, rw_day,
		rw_file, rw_count,
		m_num from review where
		rw_content like '%'||#{content}||'%'
		order by rw_num desc) c)
		join
		member
		using(m_num)
		where
		r_num between
		#{startrow} and
		#{endrow}
	</select>

	<select id="review_searchTitleContent" resultType="com.uranos.model.ReviewVO">
		select rw_num,
		rw_title, rw_content, rw_day, rw_file, rw_count, m_num, m_nick
		from (
		select
		rownum r_num, c.rw_num, c.rw_title, c.rw_content,
		c.rw_day,
		c.rw_file,
		c.rw_count, c.m_num
		from (
		select rw_num, rw_title,
		rw_content, rw_day,
		rw_file, rw_count,
		m_num from review where
		rw_content like '%'||#{content}||'%' or rw_title like
		'%'||#{title}||'%'
		order by rw_num desc) c)
		join
		member
		using(m_num)
		where
		r_num between
		#{startrow} and
		#{endrow}

	</select>

	<select id="review_searchNick" resultType="com.uranos.model.ReviewVO">
			select rw_num,
			rw_title, rw_content, rw_day, rw_file, rw_count, m_num, m_nick
			from (
			select
			rownum r_num, c.rw_num, c.rw_title, c.rw_content,
			c.rw_day,
			c.rw_file,
			c.rw_count, c.m_num
			from (
			select rw_num, rw_title,
			rw_content, rw_day,
			rw_file, rw_count,
			m_num from review where
			rw_content like '%'||#{nick}||'%'
			order by rw_num desc) c)
			join
			member
			using(m_num)
			where
			r_num between
			#{startrow} and
			#{endrow}
	</select>



	<update id="review_readcount" parameterType="com.uranos.model.ReviewVO">
		update review set
		rw_count = rw_count + 1 where rw_num = #{num}
	</update>

	<update id="review_modify" parameterType="com.uranos.model.ReviewVO">
		update review set
		rw_title = #{title}, rw_content = #{content}, rw_file = #{file} where
		rw_num = #{num}
	</update>


	<insert id="review_insert" parameterType="com.uranos.model.ReviewVO">
		insert into review
		values(seq_review.nextval, #{title}, #{content}, sysdate, #{file}, 0,
		#{memberno})
	</insert>

	<insert id="comment_insert" parameterType="com.uranos.model.CommentVO">
		insert into
		reply(co_num, m_num, co_content, co_day, rw_num)
		values(seq_reply.nextval, #{num}, #{content}, sysdate, #{rwnum})
	</insert>


	<delete id="review_delete">
		delete from review where rw_num=#{num}
	</delete>

	<delete id="comment_delete">
		delete from reply where co_num=#{num}
	</delete>

</mapper>
