<?xml version="1.0" encoding="UTF-8" ?>

<!DOCTYPE configuration      
    PUBLIC "-//mybatis.org//DTD Config 3.0//EN"      
    "http://mybatis.org/dtd/mybatis-3-config.dtd">

<configuration>
	<properties resource="db.properties"/>
	<typeAliases>
	</typeAliases>
	
	<environments default="development">
		<environment id="development">
			<transactionManager type="JDBC"/>
			<dataSource type="POOLED">
      			<property name="driver" value="${driver}"/>
      			<property name="url" value="${url}"/>
      			<property name="username" value="${username}"/>
      			<property name="password" value="${password}"/>
    		</dataSource>
		</environment>
	</environments>

	<mappers>
		<mapper resource="Member.xml"/>
		<mapper resource="Qna.xml"/>
		<mapper resource="Review.xml"/>
		<mapper resource="Notice.xml" />
		<mapper resource="Reserve.xml"/>
	</mappers>

</configuration>
